Unnamed: 0,Age Group,Gender,Education Level,Occupation,Average Screen Time,Device,Screen Activity,App Category,Screen Time Period,Environment,Productivity,Attention Span,Work Strategy,Notification Handling,Usage of Productivity Apps
0,18–24,Male,Undergraduate,Student,More than 10,Smartphone,"Entertainment (gaming, streaming, social media, etc.)","Social Media (e.g., Facebook, Instagram, LinkedIn, Twitter)",Evening (6 PM–10 PM),Quite workplace,Moderately productive,10–30 minutes,Take regular breaks,Check them briefly and resume my work,"Yes, but i did not find them of any help"
1,18–24,Male,Undergraduate,Professional,8-10,Smartphone,"Entertainment (gaming, streaming, social media, etc.)","Streaming (e.g., YouTube, Netflix)",Late night (10 PM–6 AM),Quite workplace,Moderately productive,More than 1 hour,"None, i prefer to work without any strategies",Ignore them until my task is completed,"No, i do not use them"
5,Below 18,Female,High school or below,Student,4–6,Smartphone,"Entertainment (gaming, streaming, social media, etc.)","Streaming (e.g., YouTube, Netflix)",Evening (6 PM–10 PM),Quite workplace,Moderately productive,10–30 minutes,"None, i prefer to work without any strategies",Check them briefly and resume my work,"No, i do not use them"
7,18–24,Female,Undergraduate,Student,6–8,Smartphone,"Entertainment (gaming, streaming, social media, etc.)","Social Media (e.g., Facebook, Instagram, LinkedIn, Twitter)",Evening (6 PM–10 PM),Collaborative/team setting,"Unproductive, i might not have completed the task and got carried away",10–30 minutes,Eliminate all distractions,Check them briefly and resume my work,"No, i do not use them"
8,Below 18,Male,High school or below,Student,More than 10,Smartphone,"Entertainment (gaming, streaming, social media, etc.)","Social Media (e.g., Facebook, Instagram, LinkedIn, Twitter)",Late night (10 PM–6 AM),Quite workplace,"Extremely productive, i efficiently complete my tasks",More than 1 hour,Take regular breaks,Check them briefly and resume my work,"No, i do not use them"
9,Below 18,Male,Undergraduate,Student,6–8,Laptop/PC,"Entertainment (gaming, streaming, social media, etc.)","Social Media (e.g., Facebook, Instagram, LinkedIn, Twitter)",Late night (10 PM–6 AM),Quite workplace,Moderately productive,30–60 minutes,"None, i prefer to work without any strategies",Turn off notifications altogether,"No, i do not use them"
10,Below 18,Male,Undergraduate,Student,6–8,Laptop/PC,"Entertainment (gaming, streaming, social media, etc.)","Social Media (e.g., Facebook, Instagram, LinkedIn, Twitter)",Late night (10 PM–6 AM),Quite workplace,Moderately productive,30–60 minutes,"None, i prefer to work without any strategies",Turn off notifications altogether,"No, i do not use them"
11,18–24,Female,Undergraduate,Student,8-10,Smartphone,"Entertainment (gaming, streaming, social media, etc.)","Streaming (e.g., YouTube, Netflix)",Afternoon (12 PM–6 PM),Quite workplace,"Unproductive, i might not have completed the task and got carried away",Less than 10 minutes,"None, i prefer to work without any strategies",Spend time interacting with the notifications,"No, i do not use them"
12,18–24,Male,Undergraduate,Professional,4–6,Laptop/PC,Academic/Work-related,"Productivity (e.g., Microsoft Office, Notion)",Late night (10 PM–6 AM),Quite workplace,Moderately productive,More than 1 hour,"None, i prefer to work without any strategies",Ignore them until my task is completed,"No, i do not use them"
13,Below 18,Female,High school or below,Student,6–8,Smartphone,"Entertainment (gaming, streaming, social media, etc.)","Social Media (e.g., Facebook, Instagram, LinkedIn, Twitter)",Evening (6 PM–10 PM),I can work in any environment,"Unproductive, i might not have completed the task and got carried away",Less than 10 minutes,"None, i prefer to work without any strategies",Check them briefly and resume my work,"No, i do not use them"
14,18–24,Male,Undergraduate,Student,4–6,Laptop/PC,Academic/Work-related,"Productivity (e.g., Microsoft Office, Notion)",Evening (6 PM–10 PM),Quite workplace,Moderately productive,10–30 minutes,Take regular breaks,Spend time interacting with the notifications,"Yes, they are extremely helpful"
16,Below 18,Male,High school or below,Student,2–4,Smartphone,"Entertainment (gaming, streaming, social media, etc.)","Social Media (e.g., Facebook, Instagram, LinkedIn, Twitter)",Evening (6 PM–10 PM),Background noise/music,Moderately productive,Less than 10 minutes,"None, i prefer to work without any strategies",Check them briefly and resume my work,"Yes, but i did not find them of any help"
17,Below 18,Male,Undergraduate,Student,4–6,Smartphone,"Entertainment (gaming, streaming, social media, etc.)","Social Media (e.g., Facebook, Instagram, LinkedIn, Twitter)",Evening (6 PM–10 PM),I can work in any environment,Moderately productive,10–30 minutes,"None, i prefer to work without any strategies",Check them briefly and resume my work,"No, i do not use them"
18,18–24,Male,Undergraduate,Student,2–4,Smartphone,"Entertainment (gaming, streaming, social media, etc.)",Gaming,Evening (6 PM–10 PM),Quite workplace,Moderately productive,Less than 10 minutes,"None, i prefer to work without any strategies",Check them briefly and resume my work,"Yes, they are extremely helpful"
19,18–24,Male,Undergraduate,Student,6–8,Smartphone,Academic/Work-related,"Messaging (e.g., WhatsApp, Messenger)",Evening (6 PM–10 PM),I can work in any environment,"Extremely productive, i efficiently complete my tasks",30–60 minutes,Eliminate all distractions,Turn off notifications altogether,"No, i do not use them"
20,18–24,Male,High school or below,Student,More than 10,Smartphone,"Entertainment (gaming, streaming, social media, etc.)","Social Media (e.g., Facebook, Instagram, LinkedIn, Twitter)",Evening (6 PM–10 PM),I can work in any environment,"Unproductive, i might not have completed the task and got carried away",30–60 minutes,"None, i prefer to work without any strategies",Turn off notifications altogether,"No, i do not use them"
25,18–24,Male,Undergraduate,Professional,2–4,Smartphone,Academic/Work-related,"Social Media (e.g., Facebook, Instagram, LinkedIn, Twitter)",Evening (6 PM–10 PM),Quite workplace,"Extremely productive, i efficiently complete my tasks",10–30 minutes,Take regular breaks,Turn off notifications altogether,"No, i do not use them"
29,18–24,Male,Undergraduate,Student,8-10,Laptop/PC,Academic/Work-related,"Social Media (e.g., Facebook, Instagram, LinkedIn, Twitter)",Late night (10 PM–6 AM),Quite workplace,Moderately productive,10–30 minutes,"None, i prefer to work without any strategies",Check them briefly and resume my work,"Yes, they are extremely helpful"
30,18–24,Male,Undergraduate,Student,More than 10,Laptop/PC,Academic/Work-related,"Productivity (e.g., Microsoft Office, Notion)",Evening (6 PM–10 PM),Quite workplace,"Unproductive, i might not have completed the task and got carried away",More than 1 hour,Take regular breaks,Spend time interacting with the notifications,"No, i do not use them"
31,18–24,Male,Graduate,Professional,More than 10,Laptop/PC,Academic/Work-related,"Social Media (e.g., Facebook, Instagram, LinkedIn, Twitter)",Late night (10 PM–6 AM),,"Extremely productive, i efficiently complete my tasks",More than 1 hour,Take regular breaks,Ignore them until my task is completed,"No, i do not use them"
32,Below 18,Male,Undergraduate,Professional,8-10,Laptop/PC,Academic/Work-related,"Social Media (e.g., Facebook, Instagram, LinkedIn, Twitter)",Late night (10 PM–6 AM),Quite workplace,"Extremely productive, i efficiently complete my tasks",More than 1 hour,Take regular breaks,Turn off notifications altogether,"Yes, they are extremely helpful"
33,18–24,Male,Undergraduate,Student,4–6,Smartphone,"Entertainment (gaming, streaming, social media, etc.)","Social Media (e.g., Facebook, Instagram, LinkedIn, Twitter)",Evening (6 PM–10 PM),I can work in any environment,"Unproductive, i might not have completed the task and got carried away",30–60 minutes,"None, i prefer to work without any strategies",Check them briefly and resume my work,"No, i do not use them"
34,18–24,Male,High school or below,Professional,4–6,Smartphone,Academic/Work-related,"Productivity (e.g., Microsoft Office, Notion)",Morning (6 AM–12 PM),Quite workplace,"Unproductive, i might not have completed the task and got carried away",10–30 minutes,"None, i prefer to work without any strategies",Check them briefly and resume my work,"Yes, they are extremely helpful"
35,18–24,Female,High school or below,Student,6–8,Smartphone,Academic/Work-related,"Streaming (e.g., YouTube, Netflix)",Late night (10 PM–6 AM),Quite workplace,Moderately productive,10–30 minutes,Take regular breaks,Turn off notifications altogether,"No, i do not use them"
36,18–24,Female,Undergraduate,Student,2–4,Smartphone,"Entertainment (gaming, streaming, social media, etc.)","Streaming (e.g., YouTube, Netflix)",Evening (6 PM–10 PM),Collaborative/team setting,"Unproductive, i might not have completed the task and got carried away",30–60 minutes,Take regular breaks,Check them briefly and resume my work,"Yes, they are extremely helpful"
37,18–24,Male,Undergraduate,Student,2–4,Smartphone,Academic/Work-related,"Social Media (e.g., Facebook, Instagram, LinkedIn, Twitter)",Morning (6 AM–12 PM),I can work in any environment,Moderately productive,10–30 minutes,Take regular breaks,Turn off notifications altogether,"Yes, they are extremely helpful"
38,18–24,Female,Undergraduate,Student,More than 10,Smartphone,"Entertainment (gaming, streaming, social media, etc.)","Streaming (e.g., YouTube, Netflix)",Evening (6 PM–10 PM),Quite workplace,"Unproductive, i might not have completed the task and got carried away",Less than 10 minutes,"None, i prefer to work without any strategies",Spend time interacting with the notifications,"No, i do not use them"
40,18–24,Male,Undergraduate,Student,4–6,Laptop/PC,"Entertainment (gaming, streaming, social media, etc.)","Social Media (e.g., Facebook, Instagram, LinkedIn, Twitter)",Evening (6 PM–10 PM),Background noise/music,Moderately productive,10–30 minutes,Take regular breaks,Turn off notifications altogether,"Yes, they are extremely helpful"
41,18–24,Female,Undergraduate,Student,4–6,Smartphone,"Entertainment (gaming, streaming, social media, etc.)","Social Media (e.g., Facebook, Instagram, LinkedIn, Twitter)",Evening (6 PM–10 PM),Quite workplace,"Unproductive, i might not have completed the task and got carried away",10–30 minutes,Take regular breaks,Spend time interacting with the notifications,"Yes, but i did not find them of any help"
42,18–24,Female,Undergraduate,Student,8-10,Smartphone,"Entertainment (gaming, streaming, social media, etc.)","Social Media (e.g., Facebook, Instagram, LinkedIn, Twitter)",Late night (10 PM–6 AM),Quite workplace,Moderately productive,10–30 minutes,Take regular breaks,Turn off notifications altogether,"No, i do not use them"
43,18–24,Male,Undergraduate,Professional,More than 10,Laptop/PC,Academic/Work-related,"Productivity (e.g., Microsoft Office, Notion)",Evening (6 PM–10 PM),Quite workplace,Moderately productive,More than 1 hour,"None, i prefer to work without any strategies",Ignore them until my task is completed,"Yes, but i did not find them of any help"
44,18–24,Female,Undergraduate,Student,8-10,Laptop/PC,"Entertainment (gaming, streaming, social media, etc.)","Social Media (e.g., Facebook, Instagram, LinkedIn, Twitter)",Evening (6 PM–10 PM),I can work in any environment,"Unproductive, i might not have completed the task and got carried away",30–60 minutes,Take regular breaks,Turn off notifications altogether,"No, i do not use them"
45,18–24,Female,Undergraduate,Student,6–8,Smartphone,Academic/Work-related,"Productivity (e.g., Microsoft Office, Notion)",Evening (6 PM–10 PM),I can work in any environment,"Extremely productive, i efficiently complete my tasks",10–30 minutes,Take regular breaks,Check them briefly and resume my work,"No, i do not use them"
46,18–24,Male,Undergraduate,Professional,8-10,Smartphone,Academic/Work-related,"Messaging (e.g., WhatsApp, Messenger)",Evening (6 PM–10 PM),Background noise/music,Moderately productive,More than 1 hour,"None, i prefer to work without any strategies",Check them briefly and resume my work,"No, i do not use them"
47,18–24,Male,Undergraduate,Professional,6–8,Smartphone,"Entertainment (gaming, streaming, social media, etc.)","Streaming (e.g., YouTube, Netflix)",Evening (6 PM–10 PM),Quite workplace,Moderately productive,10–30 minutes,Eliminate all distractions,Turn off notifications altogether,"Yes, but i did not find them of any help"
48,18–24,Female,Undergraduate,Student,4–6,Smartphone,"Entertainment (gaming, streaming, social media, etc.)","Messaging (e.g., WhatsApp, Messenger)",Afternoon (12 PM–6 PM),Quite workplace,"Extremely productive, i efficiently complete my tasks",30–60 minutes,"None, i prefer to work without any strategies",Turn off notifications altogether,"Yes, they are extremely helpful"
49,18–24,Male,Undergraduate,Student,2–4,Smartphone,Academic/Work-related,"Social Media (e.g., Facebook, Instagram, LinkedIn, Twitter)",Afternoon (12 PM–6 PM),Collaborative/team setting,"Unproductive, i might not have completed the task and got carried away",Less than 10 minutes,Take regular breaks,Turn off notifications altogether,"Yes, but i did not find them of any help"
51,18–24,Male,Undergraduate,Student,8-10,Laptop/PC,Academic/Work-related,"Messaging (e.g., WhatsApp, Messenger)",Evening (6 PM–10 PM),I can work in any environment,"Unproductive, i might not have completed the task and got carried away",More than 1 hour,"None, i prefer to work without any strategies",Check them briefly and resume my work,"No, i do not use them"
52,Below 18,Female,High school or below,Student,8-10,Smartphone,"Entertainment (gaming, streaming, social media, etc.)","Social Media (e.g., Facebook, Instagram, LinkedIn, Twitter)",Evening (6 PM–10 PM),Collaborative/team setting,"Unproductive, i might not have completed the task and got carried away",10–30 minutes,Eliminate all distractions,Turn off notifications altogether,"No, i do not use them"
54,Below 18,Male,High school or below,Student,4–6,Smartphone,"Entertainment (gaming, streaming, social media, etc.)","Social Media (e.g., Facebook, Instagram, LinkedIn, Twitter)",Evening (6 PM–10 PM),Quite workplace,Moderately productive,More than 1 hour,"None, i prefer to work without any strategies",Turn off notifications altogether,"No, i do not use them"
55,Below 18,Female,High school or below,Student,4–6,Smartphone,"Entertainment (gaming, streaming, social media, etc.)","Streaming (e.g., YouTube, Netflix)",Evening (6 PM–10 PM),Quite workplace,"Extremely productive, i efficiently complete my tasks",More than 1 hour,"None, i prefer to work without any strategies",Ignore them until my task is completed,"No, i do not use them"
56,Below 18,Male,High school or below,Student,4–6,Smartphone,Academic/Work-related,"Social Media (e.g., Facebook, Instagram, LinkedIn, Twitter)",Evening (6 PM–10 PM),I can work in any environment,Moderately productive,30–60 minutes,"None, i prefer to work without any strategies",Turn off notifications altogether,"No, i do not use them"
57,18–24,Male,High school or below,Student,6–8,Smartphone,"Entertainment (gaming, streaming, social media, etc.)","Social Media (e.g., Facebook, Instagram, LinkedIn, Twitter)",Evening (6 PM–10 PM),Collaborative/team setting,Moderately productive,10–30 minutes,Eliminate all distractions,Spend time interacting with the notifications,"Yes, they are extremely helpful"
58,18–24,Male,Undergraduate,Student,4–6,Smartphone,"Entertainment (gaming, streaming, social media, etc.)","Social Media (e.g., Facebook, Instagram, LinkedIn, Twitter)",Evening (6 PM–10 PM),Background noise/music,"Extremely productive, i efficiently complete my tasks",Less than 10 minutes,Take regular breaks,Ignore them until my task is completed,"No, i do not use them"
59,Below 18,Male,High school or below,Student,4–6,Television,"Entertainment (gaming, streaming, social media, etc.)","Social Media (e.g., Facebook, Instagram, LinkedIn, Twitter)",Late night (10 PM–6 AM),Quite workplace,Moderately productive,10–30 minutes,Take regular breaks,Turn off notifications altogether,"No, i do not use them"
60,Below 18,Male,Undergraduate,Professional,8-10,Smartphone,"Entertainment (gaming, streaming, social media, etc.)","Streaming (e.g., YouTube, Netflix)",Afternoon (12 PM–6 PM),I can work in any environment,Moderately productive,More than 1 hour,"None, i prefer to work without any strategies",Turn off notifications altogether,"No, i do not use them"
61,18–24,Male,High school or below,Student,8-10,Smartphone,"Entertainment (gaming, streaming, social media, etc.)","Social Media (e.g., Facebook, Instagram, LinkedIn, Twitter)",Evening (6 PM–10 PM),Quite workplace,Moderately productive,10–30 minutes,"Use some productivity tool (e.g, timers, blockers)",Turn off notifications altogether,"No, i do not use them"
62,Below 18,Male,High school or below,Student,2–4,Smartphone,"Entertainment (gaming, streaming, social media, etc.)","Social Media (e.g., Facebook, Instagram, LinkedIn, Twitter)",Evening (6 PM–10 PM),Quite workplace,Moderately productive,30–60 minutes,Eliminate all distractions,Ignore them until my task is completed,"No, i do not use them"
63,Below 18,Male,Undergraduate,Student,4–6,Smartphone,"Entertainment (gaming, streaming, social media, etc.)","Social Media (e.g., Facebook, Instagram, LinkedIn, Twitter)",Afternoon (12 PM–6 PM),Quite workplace,"Extremely productive, i efficiently complete my tasks",More than 1 hour,"None, i prefer to work without any strategies",Ignore them until my task is completed,"No, i do not use them"
64,18–24,Male,Undergraduate,Professional,4–6,Smartphone,"Entertainment (gaming, streaming, social media, etc.)","Social Media (e.g., Facebook, Instagram, LinkedIn, Twitter)",Late night (10 PM–6 AM),Quite workplace,Moderately productive,10–30 minutes,Take regular breaks,Ignore them until my task is completed,"Yes, they are extremely helpful"
65,18–24,Male,High school or below,Student,6–8,Smartphone,"Entertainment (gaming, streaming, social media, etc.)","Social Media (e.g., Facebook, Instagram, LinkedIn, Twitter)",Afternoon (12 PM–6 PM),I can work in any environment,"Unproductive, i might not have completed the task and got carried away",10–30 minutes,"None, i prefer to work without any strategies",Check them briefly and resume my work,"No, i do not use them"
66,Below 18,Male,High school or below,Student,4–6,Tablet,"Entertainment (gaming, streaming, social media, etc.)","Social Media (e.g., Facebook, Instagram, LinkedIn, Twitter)",Evening (6 PM–10 PM),Background noise/music,"Extremely productive, i efficiently complete my tasks",More than 1 hour,Eliminate all distractions,Ignore them until my task is completed,"No, i do not use them"
67,18–24,Male,Undergraduate,Student,2–4,Smartphone,"Entertainment (gaming, streaming, social media, etc.)","Social Media (e.g., Facebook, Instagram, LinkedIn, Twitter)",Late night (10 PM–6 AM),Quite workplace,"Extremely productive, i efficiently complete my tasks",10–30 minutes,Take regular breaks,Turn off notifications altogether,"Yes, they are extremely helpful"
68,18–24,Male,High school or below,Student,4–6,Smartphone,"Entertainment (gaming, streaming, social media, etc.)","Social Media (e.g., Facebook, Instagram, LinkedIn, Twitter)",Evening (6 PM–10 PM),Quite workplace,"Extremely productive, i efficiently complete my tasks",30–60 minutes,Eliminate all distractions,Turn off notifications altogether,"Yes, they are extremely helpful"
69,Below 18,Male,Undergraduate,Professional,More than 10,Smartphone,Academic/Work-related,"Productivity (e.g., Microsoft Office, Notion)",Late night (10 PM–6 AM),Background noise/music,"Extremely productive, i efficiently complete my tasks",More than 1 hour,"None, i prefer to work without any strategies",Turn off notifications altogether,"Yes, but i did not find them of any help"
70,18–24,Female,Undergraduate,Student,4–6,Smartphone,Academic/Work-related,"Social Media (e.g., Facebook, Instagram, LinkedIn, Twitter)",Evening (6 PM–10 PM),Quite workplace,Moderately productive,Less than 10 minutes,Take regular breaks,Check them briefly and resume my work,"No, i do not use them"
71,Below 18,Male,High school or below,Student,2–4,Smartphone,"Entertainment (gaming, streaming, social media, etc.)","Streaming (e.g., YouTube, Netflix)",Evening (6 PM–10 PM),I can work in any environment,Moderately productive,More than 1 hour,"None, i prefer to work without any strategies",Ignore them until my task is completed,"No, i do not use them"
72,Below 18,Male,Undergraduate,Student,4–6,Smartphone,"Entertainment (gaming, streaming, social media, etc.)","Social Media (e.g., Facebook, Instagram, LinkedIn, Twitter)",Late night (10 PM–6 AM),I can work in any environment,"Unproductive, i might not have completed the task and got carried away",30–60 minutes,"None, i prefer to work without any strategies",Check them briefly and resume my work,"No, i do not use them"
73,18–24,Male,Undergraduate,Professional,8-10,Smartphone,"Entertainment (gaming, streaming, social media, etc.)","Social Media (e.g., Facebook, Instagram, LinkedIn, Twitter)",Afternoon (12 PM–6 PM),I can work in any environment,Moderately productive,10–30 minutes,Take regular breaks,Ignore them until my task is completed,"No, i do not use them"
74,Below 18,Male,High school or below,Student,6–8,Smartphone,"Entertainment (gaming, streaming, social media, etc.)","Social Media (e.g., Facebook, Instagram, LinkedIn, Twitter)",Evening (6 PM–10 PM),I can work in any environment,"Extremely productive, i efficiently complete my tasks",30–60 minutes,"None, i prefer to work without any strategies",Turn off notifications altogether,"Yes, they are extremely helpful"
75,Below 18,Male,High school or below,Student,6–8,Laptop/PC,"Entertainment (gaming, streaming, social media, etc.)","Social Media (e.g., Facebook, Instagram, LinkedIn, Twitter)",Evening (6 PM–10 PM),Collaborative/team setting,Moderately productive,30–60 minutes,Take regular breaks,Check them briefly and resume my work,"No, i do not use them"
76,Below 18,Male,High school or below,Student,4–6,Smartphone,"Entertainment (gaming, streaming, social media, etc.)","Social Media (e.g., Facebook, Instagram, LinkedIn, Twitter)",Evening (6 PM–10 PM),I can work in any environment,Moderately productive,Less than 10 minutes,Take regular breaks,Turn off notifications altogether,"No, i do not use them"
77,18–24,Female,Undergraduate,Student,6–8,Smartphone,"Entertainment (gaming, streaming, social media, etc.)","Social Media (e.g., Facebook, Instagram, LinkedIn, Twitter)",Evening (6 PM–10 PM),Quite workplace,"Unproductive, i might not have completed the task and got carried away",10–30 minutes,Eliminate all distractions,Spend time interacting with the notifications,"No, i do not use them"
78,18–24,Male,Undergraduate,Student,4–6,Smartphone,"Entertainment (gaming, streaming, social media, etc.)","Social Media (e.g., Facebook, Instagram, LinkedIn, Twitter)",Late night (10 PM–6 AM),Quite workplace,"Unproductive, i might not have completed the task and got carried away",More than 1 hour,"None, i prefer to work without any strategies",Spend time interacting with the notifications,"No, i do not use them"
79,18–24,Male,High school or below,Professional,More than 10,Smartphone,"Entertainment (gaming, streaming, social media, etc.)","Social Media (e.g., Facebook, Instagram, LinkedIn, Twitter)",Evening (6 PM–10 PM),I can work in any environment,Moderately productive,More than 1 hour,"None, i prefer to work without any strategies",Turn off notifications altogether,"No, i do not use them"
80,18–24,Male,High school or below,Student,6–8,Laptop/PC,"Entertainment (gaming, streaming, social media, etc.)","Streaming (e.g., YouTube, Netflix)",Evening (6 PM–10 PM),I can work in any environment,Moderately productive,30–60 minutes,"Use some productivity tool (e.g, timers, blockers)",Turn off notifications altogether,"Yes, but i did not find them of any help"
81,18–24,Male,Undergraduate,Student,6–8,Smartphone,"Entertainment (gaming, streaming, social media, etc.)","Social Media (e.g., Facebook, Instagram, LinkedIn, Twitter)",Late night (10 PM–6 AM),Quite workplace,Moderately productive,Less than 10 minutes,Take regular breaks,Turn off notifications altogether,"No, i do not use them"
82,18–24,Male,High school or below,Student,2–4,Smartphone,"Entertainment (gaming, streaming, social media, etc.)","Social Media (e.g., Facebook, Instagram, LinkedIn, Twitter)",Late night (10 PM–6 AM),Background noise/music,Moderately productive,Less than 10 minutes,Eliminate all distractions,Ignore them until my task is completed,"No, i do not use them"
83,Below 18,Male,Undergraduate,Student,2–4,Smartphone,"Entertainment (gaming, streaming, social media, etc.)","Social Media (e.g., Facebook, Instagram, LinkedIn, Twitter)",Afternoon (12 PM–6 PM),Quite workplace,"Extremely productive, i efficiently complete my tasks",10–30 minutes,"Use some productivity tool (e.g, timers, blockers)",Ignore them until my task is completed,"Yes, but i did not find them of any help"
84,18–24,Female,Undergraduate,Student,2–4,Smartphone,"Entertainment (gaming, streaming, social media, etc.)","Messaging (e.g., WhatsApp, Messenger)",Late night (10 PM–6 AM),I can work in any environment,"Unproductive, i might not have completed the task and got carried away",10–30 minutes,Take regular breaks,Spend time interacting with the notifications,"No, i do not use them"
85,18–24,Male,Undergraduate,Student,More than 10,Smartphone,"Entertainment (gaming, streaming, social media, etc.)","Social Media (e.g., Facebook, Instagram, LinkedIn, Twitter)",Evening (6 PM–10 PM),Collaborative/team setting,"Unproductive, i might not have completed the task and got carried away",30–60 minutes,"None, i prefer to work without any strategies",Check them briefly and resume my work,"Yes, but i did not find them of any help"
86,Below 18,Male,Undergraduate,Student,4–6,Smartphone,"Entertainment (gaming, streaming, social media, etc.)","Social Media (e.g., Facebook, Instagram, LinkedIn, Twitter)",Late night (10 PM–6 AM),I can work in any environment,Moderately productive,30–60 minutes,Take regular breaks,Ignore them until my task is completed,"No, i do not use them"
87,18–24,Male,Undergraduate,Student,2–4,Laptop/PC,Academic/Work-related,Gaming,Evening (6 PM–10 PM),Quite workplace,Moderately productive,30–60 minutes,Eliminate all distractions,Turn off notifications altogether,"No, i do not use them"
88,18–24,Male,High school or below,Student,6–8,Smartphone,"Entertainment (gaming, streaming, social media, etc.)","Messaging (e.g., WhatsApp, Messenger)",Late night (10 PM–6 AM),Quite workplace,"Extremely productive, i efficiently complete my tasks",30–60 minutes,"Use some productivity tool (e.g, timers, blockers)",Ignore them until my task is completed,"Yes, they are extremely helpful"
89,18–24,Male,High school or below,Student,8-10,Smartphone,"Entertainment (gaming, streaming, social media, etc.)","Streaming (e.g., YouTube, Netflix)",Evening (6 PM–10 PM),I can work in any environment,"Unproductive, i might not have completed the task and got carried away",10–30 minutes,Eliminate all distractions,Turn off notifications altogether,"Yes, they are extremely helpful"
90,18–24,Male,High school or below,Professional,6–8,Laptop/PC,Academic/Work-related,"Productivity (e.g., Microsoft Office, Notion)",Late night (10 PM–6 AM),Quite workplace,Moderately productive,More than 1 hour,"None, i prefer to work without any strategies",Check them briefly and resume my work,"No, i do not use them"
91,Below 18,Male,Undergraduate,Student,Less than 2,Laptop/PC,"Entertainment (gaming, streaming, social media, etc.)",Gaming,Evening (6 PM–10 PM),Quite workplace,Moderately productive,30–60 minutes,Eliminate all distractions,Check them briefly and resume my work,"No, i do not use them"
92,18–24,Female,Graduate,Professional,More than 10,Laptop/PC,Academic/Work-related,"Messaging (e.g., WhatsApp, Messenger)",Afternoon (12 PM–6 PM),Quite workplace,Moderately productive,10–30 minutes,Take regular breaks,Check them briefly and resume my work,"No, i do not use them"
93,18–24,Female,Undergraduate,Student,8-10,Smartphone,"Entertainment (gaming, streaming, social media, etc.)","Social Media (e.g., Facebook, Instagram, LinkedIn, Twitter)",Evening (6 PM–10 PM),I can work in any environment,"Unproductive, i might not have completed the task and got carried away",Less than 10 minutes,Take regular breaks,Turn off notifications altogether,"Yes, but i did not find them of any help"
94,18–24,Female,Graduate,Professional,8-10,Laptop/PC,Academic/Work-related,"Productivity (e.g., Microsoft Office, Notion)",Afternoon (12 PM–6 PM),I can work in any environment,Moderately productive,30–60 minutes,Take regular breaks,Ignore them until my task is completed,"No, i do not use them"
95,18–24,Male,Undergraduate,Student,6–8,Laptop/PC,Academic/Work-related,"Productivity (e.g., Microsoft Office, Notion)",Evening (6 PM–10 PM),Background noise/music,Moderately productive,10–30 minutes,Take regular breaks,Spend time interacting with the notifications,"No, i do not use them"
96,18–24,Male,Undergraduate,Student,More than 10,Smartphone,"Entertainment (gaming, streaming, social media, etc.)","Streaming (e.g., YouTube, Netflix)",Evening (6 PM–10 PM),Collaborative/team setting,Moderately productive,Less than 10 minutes,Take regular breaks,Spend time interacting with the notifications,"No, i do not use them"
97,18–24,Male,Undergraduate,Student,More than 10,Smartphone,"Entertainment (gaming, streaming, social media, etc.)","Messaging (e.g., WhatsApp, Messenger)",Late night (10 PM–6 AM),Quite workplace,Moderately productive,30–60 minutes,"None, i prefer to work without any strategies",Check them briefly and resume my work,"No, i do not use them"
98,18–24,Male,Undergraduate,Student,6–8,Smartphone,"Entertainment (gaming, streaming, social media, etc.)","Social Media (e.g., Facebook, Instagram, LinkedIn, Twitter)",Evening (6 PM–10 PM),I can work in any environment,Moderately productive,Less than 10 minutes,"None, i prefer to work without any strategies",Turn off notifications altogether,"No, i do not use them"
103,Below 18,Male,High school or below,Student,6–8,Smartphone,"Entertainment (gaming, streaming, social media, etc.)","Social Media (e.g., Facebook, Instagram, LinkedIn, Twitter)",Evening (6 PM–10 PM),I can work in any environment,"Unproductive, i might not have completed the task and got carried away",More than 1 hour,Take regular breaks,Turn off notifications altogether,"Yes, they are extremely helpful"
104,18–24,Female,High school or below,Student,6–8,Smartphone,"Entertainment (gaming, streaming, social media, etc.)","Streaming (e.g., YouTube, Netflix)",Afternoon (12 PM–6 PM),Quite workplace,Moderately productive,10–30 minutes,Take regular breaks,Check them briefly and resume my work,"Yes, but i did not find them of any help"
105,18–24,Male,High school or below,Student,More than 10,Smartphone,"Entertainment (gaming, streaming, social media, etc.)","Social Media (e.g., Facebook, Instagram, LinkedIn, Twitter)",Evening (6 PM–10 PM),Quite workplace,"Unproductive, i might not have completed the task and got carried away",10–30 minutes,"None, i prefer to work without any strategies",Check them briefly and resume my work,"No, i do not use them"
106,Below 18,Male,Undergraduate,Student,4–6,Smartphone,"Entertainment (gaming, streaming, social media, etc.)","Social Media (e.g., Facebook, Instagram, LinkedIn, Twitter)",Evening (6 PM–10 PM),Quite workplace,Moderately productive,More than 1 hour,Take regular breaks,Ignore them until my task is completed,"Yes, but i did not find them of any help"
107,Below 18,Male,High school or below,Student,8-10,Smartphone,"Entertainment (gaming, streaming, social media, etc.)",Gaming,Evening (6 PM–10 PM),I can work in any environment,Moderately productive,More than 1 hour,Take regular breaks,Check them briefly and resume my work,"No, i do not use them"
108,Below 18,Male,High school or below,Student,6–8,Smartphone,"Entertainment (gaming, streaming, social media, etc.)","Streaming (e.g., YouTube, Netflix)",Evening (6 PM–10 PM),Quite workplace,Moderately productive,30–60 minutes,"None, i prefer to work without any strategies",Check them briefly and resume my work,"No, i do not use them"
109,18–24,Male,High school or below,Student,4–6,Smartphone,Academic/Work-related,"Messaging (e.g., WhatsApp, Messenger)",Afternoon (12 PM–6 PM),Quite workplace,Moderately productive,30–60 minutes,Eliminate all distractions,Check them briefly and resume my work,"Yes, they are extremely helpful"
110,18–24,Male,High school or below,Student,4–6,Smartphone,"Entertainment (gaming, streaming, social media, etc.)","Streaming (e.g., YouTube, Netflix)",Afternoon (12 PM–6 PM),Quite workplace,Moderately productive,30–60 minutes,"None, i prefer to work without any strategies",Check them briefly and resume my work,"No, i do not use them"
111,18–24,Male,High school or below,Student,6–8,Smartphone,"Entertainment (gaming, streaming, social media, etc.)",Gaming,Evening (6 PM–10 PM),I can work in any environment,Moderately productive,More than 1 hour,"None, i prefer to work without any strategies",Check them briefly and resume my work,"No, i do not use them"
113,18–24,Male,High school or below,Student,4–6,Laptop/PC,Academic/Work-related,"Productivity (e.g., Microsoft Office, Notion)",Evening (6 PM–10 PM),I can work in any environment,"Extremely productive, i efficiently complete my tasks",More than 1 hour,"None, i prefer to work without any strategies",Ignore them until my task is completed,"No, i do not use them"
114,18–24,Male,High school or below,Student,8-10,Laptop/PC,"Entertainment (gaming, streaming, social media, etc.)",Gaming,Afternoon (12 PM–6 PM),I can work in any environment,"Extremely productive, i efficiently complete my tasks",30–60 minutes,Take regular breaks,Check them briefly and resume my work,"Yes, they are extremely helpful"
115,18–24,Male,High school or below,Professional,2–4,Laptop/PC,Academic/Work-related,"Productivity (e.g., Microsoft Office, Notion)",Morning (6 AM–12 PM),Quite workplace,"Extremely productive, i efficiently complete my tasks",More than 1 hour,Eliminate all distractions,Turn off notifications altogether,"Yes, they are extremely helpful"
117,Below 18,Male,Undergraduate,Student,4–6,Laptop/PC,"Entertainment (gaming, streaming, social media, etc.)","Streaming (e.g., YouTube, Netflix)",Late night (10 PM–6 AM),Quite workplace,Moderately productive,30–60 minutes,Eliminate all distractions,Turn off notifications altogether,"No, i do not use them"
118,Below 18,Male,High school or below,Student,2–4,Smartphone,"Entertainment (gaming, streaming, social media, etc.)","Social Media (e.g., Facebook, Instagram, LinkedIn, Twitter)",Late night (10 PM–6 AM),Quite workplace,Moderately productive,More than 1 hour,Take regular breaks,Check them briefly and resume my work,"No, i do not use them"
119,18–24,Female,Undergraduate,Student,8-10,Laptop/PC,Academic/Work-related,"Streaming (e.g., YouTube, Netflix)",Evening (6 PM–10 PM),Quite workplace,Moderately productive,30–60 minutes,Eliminate all distractions,Turn off notifications altogether,"No, i do not use them"
120,18–24,Male,Undergraduate,Student,4–6,Smartphone,"Entertainment (gaming, streaming, social media, etc.)","Social Media (e.g., Facebook, Instagram, LinkedIn, Twitter)",Late night (10 PM–6 AM),I can work in any environment,"Extremely productive, i efficiently complete my tasks",More than 1 hour,Eliminate all distractions,Ignore them until my task is completed,"No, i do not use them"
122,18–24,Female,Graduate,Professional,4–6,Smartphone,"Entertainment (gaming, streaming, social media, etc.)","Social Media (e.g., Facebook, Instagram, LinkedIn, Twitter)",Evening (6 PM–10 PM),Collaborative/team setting,Moderately productive,30–60 minutes,Take regular breaks,Check them briefly and resume my work,"No, i do not use them"
123,18–24,Male,High school or below,Student,6–8,Smartphone,"Entertainment (gaming, streaming, social media, etc.)","Social Media (e.g., Facebook, Instagram, LinkedIn, Twitter)",Evening (6 PM–10 PM),Collaborative/team setting,Moderately productive,10–30 minutes,"None, i prefer to work without any strategies",Check them briefly and resume my work,"No, i do not use them"
124,18–24,Female,Undergraduate,Student,4–6,Laptop/PC,Academic/Work-related,"Productivity (e.g., Microsoft Office, Notion)",Evening (6 PM–10 PM),Background noise/music,"Unproductive, i might not have completed the task and got carried away",30–60 minutes,"None, i prefer to work without any strategies",Turn off notifications altogether,"No, i do not use them"
125,18–24,Female,Undergraduate,Student,6–8,Smartphone,"Entertainment (gaming, streaming, social media, etc.)","Social Media (e.g., Facebook, Instagram, LinkedIn, Twitter)",Late night (10 PM–6 AM),Background noise/music,Moderately productive,More than 1 hour,Eliminate all distractions,Ignore them until my task is completed,"Yes, they are extremely helpful"
126,18–24,Female,Undergraduate,Student,6–8,Smartphone,"Entertainment (gaming, streaming, social media, etc.)","Streaming (e.g., YouTube, Netflix)",Evening (6 PM–10 PM),Quite workplace,"Extremely productive, i efficiently complete my tasks",Less than 10 minutes,Take regular breaks,Turn off notifications altogether,"No, i do not use them"
127,18–24,Male,Undergraduate,Student,4–6,Smartphone,"Entertainment (gaming, streaming, social media, etc.)","Messaging (e.g., WhatsApp, Messenger)",Afternoon (12 PM–6 PM),Quite workplace,Moderately productive,30–60 minutes,"None, i prefer to work without any strategies",Check them briefly and resume my work,"No, i do not use them"
128,18–24,Female,Undergraduate,Professional,8-10,Smartphone,"Entertainment (gaming, streaming, social media, etc.)","Social Media (e.g., Facebook, Instagram, LinkedIn, Twitter)",Evening (6 PM–10 PM),Collaborative/team setting,Moderately productive,30–60 minutes,Take regular breaks,Check them briefly and resume my work,"Yes, they are extremely helpful"
129,18–24,Male,Undergraduate,Student,6–8,Smartphone,Academic/Work-related,"Social Media (e.g., Facebook, Instagram, LinkedIn, Twitter)",Evening (6 PM–10 PM),Background noise/music,"Extremely productive, i efficiently complete my tasks",10–30 minutes,Take regular breaks,Check them briefly and resume my work,"Yes, but i did not find them of any help"
130,18–24,Female,Undergraduate,Student,6–8,Smartphone,"Entertainment (gaming, streaming, social media, etc.)","Social Media (e.g., Facebook, Instagram, LinkedIn, Twitter)",Late night (10 PM–6 AM),,"Unproductive, i might not have completed the task and got carried away",More than 1 hour,,,"Yes, but i did not find them of any help"
131,18–24,Male,Undergraduate,Student,More than 10,Smartphone,"Entertainment (gaming, streaming, social media, etc.)","Social Media (e.g., Facebook, Instagram, LinkedIn, Twitter)",Morning (6 AM–12 PM),Background noise/music,"Extremely productive, i efficiently complete my tasks",30–60 minutes,Eliminate all distractions,Ignore them until my task is completed,"Yes, but i did not find them of any help"
132,18–24,Female,Undergraduate,Student,6–8,Smartphone,"Entertainment (gaming, streaming, social media, etc.)","Social Media (e.g., Facebook, Instagram, LinkedIn, Twitter)",Evening (6 PM–10 PM),I can work in any environment,Moderately productive,Less than 10 minutes,Take regular breaks,Check them briefly and resume my work,"No, i do not use them"
133,18–24,Female,Undergraduate,Student,6–8,Smartphone,"Entertainment (gaming, streaming, social media, etc.)","Social Media (e.g., Facebook, Instagram, LinkedIn, Twitter)",Evening (6 PM–10 PM),Quite workplace,"Unproductive, i might not have completed the task and got carried away",10–30 minutes,Eliminate all distractions,Ignore them until my task is completed,"Yes, they are extremely helpful"
134,18–24,Female,Undergraduate,Student,6–8,Smartphone,"Entertainment (gaming, streaming, social media, etc.)","Streaming (e.g., YouTube, Netflix)",Late night (10 PM–6 AM),Quite workplace,Moderately productive,Less than 10 minutes,"None, i prefer to work without any strategies",Ignore them until my task is completed,"Yes, but i did not find them of any help"
135,18–24,Female,Undergraduate,Student,6–8,Laptop/PC,Academic/Work-related,"Productivity (e.g., Microsoft Office, Notion)",Evening (6 PM–10 PM),Collaborative/team setting,Moderately productive,10–30 minutes,Take regular breaks,Check them briefly and resume my work,"No, i do not use them"
136,18–24,Female,Undergraduate,Student,2–4,Smartphone,"Entertainment (gaming, streaming, social media, etc.)","Social Media (e.g., Facebook, Instagram, LinkedIn, Twitter)",Late night (10 PM–6 AM),Quite workplace,"Extremely productive, i efficiently complete my tasks",Less than 10 minutes,"None, i prefer to work without any strategies",Ignore them until my task is completed,"No, i do not use them"
138,18–24,Female,Undergraduate,Student,More than 10,Smartphone,"Entertainment (gaming, streaming, social media, etc.)","Social Media (e.g., Facebook, Instagram, LinkedIn, Twitter)",Late night (10 PM–6 AM),Background noise/music,Moderately productive,30–60 minutes,"Use some productivity tool (e.g, timers, blockers)",Turn off notifications altogether,"Yes, but i did not find them of any help"
139,18–24,Female,Undergraduate,Student,2–4,Smartphone,Academic/Work-related,"Productivity (e.g., Microsoft Office, Notion)",Afternoon (12 PM–6 PM),Quite workplace,Moderately productive,10–30 minutes,Eliminate all distractions,Check them briefly and resume my work,"No, i do not use them"
140,18–24,Female,Undergraduate,Student,8-10,Smartphone,"Entertainment (gaming, streaming, social media, etc.)","Social Media (e.g., Facebook, Instagram, LinkedIn, Twitter)",Evening (6 PM–10 PM),I can work in any environment,Moderately productive,30–60 minutes,"Use some productivity tool (e.g, timers, blockers)",Check them briefly and resume my work,"Yes, but i did not find them of any help"
141,18–24,Male,Undergraduate,Professional,8-10,Laptop/PC,Academic/Work-related,"Social Media (e.g., Facebook, Instagram, LinkedIn, Twitter)",Late night (10 PM–6 AM),Quite workplace,"Extremely productive, i efficiently complete my tasks",More than 1 hour,,Check them briefly and resume my work,"No, i do not use them"
142,18–24,Female,Undergraduate,Student,More than 10,Smartphone,"Entertainment (gaming, streaming, social media, etc.)","Messaging (e.g., WhatsApp, Messenger)",Evening (6 PM–10 PM),Quite workplace,Moderately productive,10–30 minutes,,Turn off notifications altogether,"No, i do not use them"
143,18–24,Male,Undergraduate,Student,4–6,Smartphone,Academic/Work-related,"Social Media (e.g., Facebook, Instagram, LinkedIn, Twitter)",Late night (10 PM–6 AM),Quite workplace,Moderately productive,More than 1 hour,"None, i prefer to work without any strategies",Check them briefly and resume my work,"Yes, they are extremely helpful"
144,18–24,Male,High school or below,Student,4–6,Smartphone,Academic/Work-related,"Social Media (e.g., Facebook, Instagram, LinkedIn, Twitter)",Evening (6 PM–10 PM),Quite workplace,Moderately productive,Less than 10 minutes,Eliminate all distractions,Turn off notifications altogether,"Yes, they are extremely helpful"
146,18–24,Female,High school or below,Student,6–8,Laptop/PC,Academic/Work-related,"Messaging (e.g., WhatsApp, Messenger)",Afternoon (12 PM–6 PM),Quite workplace,Moderately productive,30–60 minutes,"None, i prefer to work without any strategies",Ignore them until my task is completed,"No, i do not use them"
147,18–24,Male,Undergraduate,Student,6–8,Smartphone,"Entertainment (gaming, streaming, social media, etc.)","Streaming (e.g., YouTube, Netflix)",Afternoon (12 PM–6 PM),Quite workplace,Moderately productive,More than 1 hour,"None, i prefer to work without any strategies",Check them briefly and resume my work,"No, i do not use them"
148,18–24,Male,Undergraduate,Student,4–6,Smartphone,"Entertainment (gaming, streaming, social media, etc.)","Social Media (e.g., Facebook, Instagram, LinkedIn, Twitter)",Late night (10 PM–6 AM),Quite workplace,Moderately productive,Less than 10 minutes,Eliminate all distractions,Check them briefly and resume my work,"No, i do not use them"
149,18–24,Male,Undergraduate,Student,4–6,Smartphone,"Entertainment (gaming, streaming, social media, etc.)","Messaging (e.g., WhatsApp, Messenger)",Evening (6 PM–10 PM),I can work in any environment,"Unproductive, i might not have completed the task and got carried away",10–30 minutes,"None, i prefer to work without any strategies",Spend time interacting with the notifications,"Yes, they are extremely helpful"
150,18–24,Male,Undergraduate,Student,2–4,Laptop/PC,"Entertainment (gaming, streaming, social media, etc.)","Social Media (e.g., Facebook, Instagram, LinkedIn, Twitter)",Late night (10 PM–6 AM),I can work in any environment,Moderately productive,30–60 minutes,"Use some productivity tool (e.g, timers, blockers)",Check them briefly and resume my work,"Yes, but i did not find them of any help"
151,18–24,Female,Undergraduate,Professional,8-10,Smartphone,"Entertainment (gaming, streaming, social media, etc.)","Social Media (e.g., Facebook, Instagram, LinkedIn, Twitter)",Evening (6 PM–10 PM),Quite workplace,"Unproductive, i might not have completed the task and got carried away",Less than 10 minutes,Take regular breaks,Turn off notifications altogether,"No, i do not use them"
152,18–24,Female,Undergraduate,Student,6–8,Smartphone,"Entertainment (gaming, streaming, social media, etc.)","Social Media (e.g., Facebook, Instagram, LinkedIn, Twitter)",Evening (6 PM–10 PM),Quite workplace,Moderately productive,10–30 minutes,"None, i prefer to work without any strategies",Spend time interacting with the notifications,"Yes, they are extremely helpful"
153,18–24,Female,Undergraduate,Student,More than 10,Smartphone,"Entertainment (gaming, streaming, social media, etc.)","Social Media (e.g., Facebook, Instagram, LinkedIn, Twitter)",Evening (6 PM–10 PM),Collaborative/team setting,"Unproductive, i might not have completed the task and got carried away",10–30 minutes,"None, i prefer to work without any strategies",Turn off notifications altogether,"Yes, but i did not find them of any help"
154,18–24,Male,Graduate,Professional,4–6,Smartphone,Academic/Work-related,"Social Media (e.g., Facebook, Instagram, LinkedIn, Twitter)",Evening (6 PM–10 PM),Quite workplace,Moderately productive,10–30 minutes,Eliminate all distractions,Turn off notifications altogether,"No, i do not use them"
155,18–24,Male,Graduate,Professional,4–6,Laptop/PC,Academic/Work-related,"Productivity (e.g., Microsoft Office, Notion)",Evening (6 PM–10 PM),Quite workplace,"Unproductive, i might not have completed the task and got carried away",Less than 10 minutes,Take regular breaks,Spend time interacting with the notifications,"No, i do not use them"
156,18–24,Male,Graduate,Professional,8-10,Laptop/PC,Academic/Work-related,"Social Media (e.g., Facebook, Instagram, LinkedIn, Twitter)",Late night (10 PM–6 AM),Quite workplace,Moderately productive,30–60 minutes,"None, i prefer to work without any strategies",Check them briefly and resume my work,"No, i do not use them"
157,18–24,Male,Undergraduate,Student,4–6,Smartphone,"Entertainment (gaming, streaming, social media, etc.)","Social Media (e.g., Facebook, Instagram, LinkedIn, Twitter)",Late night (10 PM–6 AM),Collaborative/team setting,Moderately productive,10–30 minutes,Take regular breaks,Ignore them until my task is completed,"Yes, but i did not find them of any help"
158,18–24,Female,Undergraduate,Student,2–4,Smartphone,"Entertainment (gaming, streaming, social media, etc.)","Messaging (e.g., WhatsApp, Messenger)",Evening (6 PM–10 PM),Quite workplace,Moderately productive,Less than 10 minutes,Eliminate all distractions,Check them briefly and resume my work,"Yes, they are extremely helpful"
159,18–24,Female,Undergraduate,Student,6–8,Laptop/PC,"Entertainment (gaming, streaming, social media, etc.)","Social Media (e.g., Facebook, Instagram, LinkedIn, Twitter)",Evening (6 PM–10 PM),I can work in any environment,Moderately productive,More than 1 hour,"Use some productivity tool (e.g, timers, blockers)",Check them briefly and resume my work,"Yes, but i did not find them of any help"
160,18–24,Female,High school or below,Student,8-10,Smartphone,Academic/Work-related,"Social Media (e.g., Facebook, Instagram, LinkedIn, Twitter)",Evening (6 PM–10 PM),Quite workplace,"Unproductive, i might not have completed the task and got carried away",10–30 minutes,Eliminate all distractions,Ignore them until my task is completed,"No, i do not use them"
161,18–24,Male,Undergraduate,Student,6–8,Smartphone,"Entertainment (gaming, streaming, social media, etc.)","Social Media (e.g., Facebook, Instagram, LinkedIn, Twitter)",Evening (6 PM–10 PM),I can work in any environment,"Unproductive, i might not have completed the task and got carried away",More than 1 hour,Eliminate all distractions,Spend time interacting with the notifications,"No, i do not use them"
163,18–24,Male,Graduate,Professional,8-10,Smartphone,"Entertainment (gaming, streaming, social media, etc.)","Streaming (e.g., YouTube, Netflix)",Afternoon (12 PM–6 PM),Background noise/music,Moderately productive,Less than 10 minutes,Take regular breaks,Check them briefly and resume my work,"No, i do not use them"
164,18–24,Female,Undergraduate,Student,6–8,Smartphone,"Entertainment (gaming, streaming, social media, etc.)","Social Media (e.g., Facebook, Instagram, LinkedIn, Twitter)",Evening (6 PM–10 PM),Quite workplace,Moderately productive,More than 1 hour,Take regular breaks,Check them briefly and resume my work,"No, i do not use them"
165,18–24,Female,Undergraduate,Student,8-10,Laptop/PC,Academic/Work-related,"Productivity (e.g., Microsoft Office, Notion)",Evening (6 PM–10 PM),Background noise/music,Moderately productive,More than 1 hour,"None, i prefer to work without any strategies",Ignore them until my task is completed,"Yes, they are extremely helpful"
166,18–24,Female,Undergraduate,Student,4–6,Smartphone,Academic/Work-related,"Messaging (e.g., WhatsApp, Messenger)",Evening (6 PM–10 PM),I can work in any environment,Moderately productive,More than 1 hour,Eliminate all distractions,Check them briefly and resume my work,"No, i do not use them"
167,18–24,Female,Graduate,Professional,More than 10,Laptop/PC,Academic/Work-related,"Productivity (e.g., Microsoft Office, Notion)",Afternoon (12 PM–6 PM),Quite workplace,Moderately productive,30–60 minutes,"None, i prefer to work without any strategies",Ignore them until my task is completed,"Yes, but i did not find them of any help"
168,18–24,Male,Undergraduate,Student,4–6,Smartphone,"Entertainment (gaming, streaming, social media, etc.)",Gaming,Evening (6 PM–10 PM),Quite workplace,"Extremely productive, i efficiently complete my tasks",30–60 minutes,"Use some productivity tool (e.g, timers, blockers)",Turn off notifications altogether,"No, i do not use them"
169,Below 18,Male,High school or below,Student,4–6,Smartphone,Academic/Work-related,"Social Media (e.g., Facebook, Instagram, LinkedIn, Twitter)",Evening (6 PM–10 PM),Quite workplace,"Unproductive, i might not have completed the task and got carried away",Less than 10 minutes,Take regular breaks,Turn off notifications altogether,"Yes, but i did not find them of any help"
171,18–24,Female,Graduate,Student,8-10,Laptop/PC,Academic/Work-related,"Social Media (e.g., Facebook, Instagram, LinkedIn, Twitter)",Evening (6 PM–10 PM),I can work in any environment,"Extremely productive, i efficiently complete my tasks",30–60 minutes,"None, i prefer to work without any strategies",Ignore them until my task is completed,"No, i do not use them"
172,Below 18,Male,Undergraduate,Student,8-10,Smartphone,"Entertainment (gaming, streaming, social media, etc.)","Social Media (e.g., Facebook, Instagram, LinkedIn, Twitter)",Late night (10 PM–6 AM),Collaborative/team setting,Moderately productive,10–30 minutes,"None, i prefer to work without any strategies",Check them briefly and resume my work,"Yes, but i did not find them of any help"
173,18–24,Male,Undergraduate,Professional,6–8,Smartphone,Academic/Work-related,"Social Media (e.g., Facebook, Instagram, LinkedIn, Twitter)",Morning (6 AM–12 PM),Collaborative/team setting,"Extremely productive, i efficiently complete my tasks",30–60 minutes,Take regular breaks,Spend time interacting with the notifications,"Yes, they are extremely helpful"
174,18–24,Male,Undergraduate,Professional,2–4,Smartphone,"Entertainment (gaming, streaming, social media, etc.)","Social Media (e.g., Facebook, Instagram, LinkedIn, Twitter)",Afternoon (12 PM–6 PM),Background noise/music,"Extremely productive, i efficiently complete my tasks",10–30 minutes,"Use some productivity tool (e.g, timers, blockers)",Ignore them until my task is completed,"Yes, they are extremely helpful"
175,18–24,Male,Undergraduate,Student,6–8,Laptop/PC,Academic/Work-related,"Productivity (e.g., Microsoft Office, Notion)",Late night (10 PM–6 AM),Quite workplace,"Extremely productive, i efficiently complete my tasks",10–30 minutes,Eliminate all distractions,Check them briefly and resume my work,"Yes, they are extremely helpful"
177,18–24,Female,High school or below,Professional,More than 10,Laptop/PC,Academic/Work-related,"Social Media (e.g., Facebook, Instagram, LinkedIn, Twitter)",Evening (6 PM–10 PM),Collaborative/team setting,"Extremely productive, i efficiently complete my tasks",Less than 10 minutes,Eliminate all distractions,Ignore them until my task is completed,"Yes, they are extremely helpful"
183,18–24,Male,Undergraduate,Professional,More than 10,Laptop/PC,Academic/Work-related,"Productivity (e.g., Microsoft Office, Notion)",Afternoon (12 PM–6 PM),Collaborative/team setting,Moderately productive,10–30 minutes,Take regular breaks,Turn off notifications altogether,"No, i do not use them"
185,18–24,Male,Undergraduate,Professional,8-10,Laptop/PC,Academic/Work-related,"Productivity (e.g., Microsoft Office, Notion)",Afternoon (12 PM–6 PM),Quite workplace,"Extremely productive, i efficiently complete my tasks",30–60 minutes,"None, i prefer to work without any strategies",Turn off notifications altogether,"No, i do not use them"
186,18–24,Male,Graduate,Professional,More than 10,Laptop/PC,Academic/Work-related,"Productivity (e.g., Microsoft Office, Notion)",Afternoon (12 PM–6 PM),Background noise/music,"Extremely productive, i efficiently complete my tasks",30–60 minutes,"None, i prefer to work without any strategies",Check them briefly and resume my work,"No, i do not use them"
188,18–24,Female,Undergraduate,Student,4–6,Smartphone,"Entertainment (gaming, streaming, social media, etc.)","Social Media (e.g., Facebook, Instagram, LinkedIn, Twitter)",Evening (6 PM–10 PM),Background noise/music,Moderately productive,10–30 minutes,Take regular breaks,Check them briefly and resume my work,"Yes, but i did not find them of any help"
189,18–24,Female,Graduate,Professional,8-10,Laptop/PC,Academic/Work-related,"Productivity (e.g., Microsoft Office, Notion)",Afternoon (12 PM–6 PM),Quite workplace,Moderately productive,More than 1 hour,Eliminate all distractions,Turn off notifications altogether,"No, i do not use them"
190,18–24,Female,Graduate,Professional,8-10,Laptop/PC,Academic/Work-related,"Social Media (e.g., Facebook, Instagram, LinkedIn, Twitter)",Afternoon (12 PM–6 PM),Quite workplace,Moderately productive,10–30 minutes,"None, i prefer to work without any strategies",Ignore them until my task is completed,"No, i do not use them"
191,18–24,Male,Graduate,Professional,More than 10,Laptop/PC,Academic/Work-related,"Productivity (e.g., Microsoft Office, Notion)",Afternoon (12 PM–6 PM),Collaborative/team setting,"Extremely productive, i efficiently complete my tasks",10–30 minutes,Eliminate all distractions,Turn off notifications altogether,"No, i do not use them"
192,18–24,Female,Graduate,Professional,More than 10,Laptop/PC,Academic/Work-related,"Productivity (e.g., Microsoft Office, Notion)",Afternoon (12 PM–6 PM),Collaborative/team setting,"Extremely productive, i efficiently complete my tasks",30–60 minutes,Eliminate all distractions,Ignore them until my task is completed,"No, i do not use them"
193,18–24,Male,Graduate,Professional,6–8,Laptop/PC,Academic/Work-related,"Productivity (e.g., Microsoft Office, Notion)",Afternoon (12 PM–6 PM),I can work in any environment,"Extremely productive, i efficiently complete my tasks",30–60 minutes,"None, i prefer to work without any strategies",Turn off notifications altogether,"No, i do not use them"
